{"cameraMode":{"drawMode":0,"name":"Shaded","section":"Shading Mode"},"sceneLighting":false,"audioPlay":false,"sceneViewState":{"m_AlwaysRefresh":true,"showFog":true,"showSkybox":false,"showFlares":true,"showImageEffects":true,"showParticleSystems":true,"showVisualEffectGraphs":true,"m_FxEnabled":true},"in2DMode":false,"pivot":{"x":4.9793171882629398,"y":18.567049026489259,"z":-127.42294311523438},"rotation":{"x":0.00016512133879587054,"y":0.9998335838317871,"z":0.014100282453000546,"w":-0.011702721007168293},"size":93.83705139160156,"orthographic":false}