{"cameraMode":{"drawMode":0,"name":"Shaded","section":"Shading Mode"},"sceneLighting":true,"audioPlay":false,"sceneViewState":{"m_AlwaysRefresh":true,"showFog":true,"showSkybox":true,"showFlares":true,"showImageEffects":true,"showParticleSystems":true,"showVisualEffectGraphs":true,"m_FxEnabled":true},"in2DMode":false,"pivot":{"x":12.719863891601563,"y":-15.532516479492188,"z":15.6160888671875},"rotation":{"x":0.2656145691871643,"y":-0.24671755731105805,"z":0.07051689177751541,"w":0.9293047785758972},"size":122.18263244628906,"orthographic":false}