{"cameraMode":{"drawMode":0,"name":"Shaded","section":"Shading Mode"},"sceneLighting":false,"audioPlay":false,"sceneViewState":{"showFog":true,"showMaterialUpdate":true,"showSkybox":false,"showFlares":true,"showImageEffects":true,"showParticleSystems":true},"in2DMode":false,"pivot":{"x":0.0000036954879760742189,"y":0.026238620281219484,"z":0.004124283790588379},"rotation":{"x":0.23750989139080048,"y":0.3258938491344452,"z":-0.08495242148637772,"w":0.9111345410346985},"size":9.353277206420899,"orthographic":false}