{"cameraMode":{"drawMode":0,"name":"Shaded","section":"Shading Mode"},"sceneLighting":false,"audioPlay":false,"sceneViewState":{"showFog":true,"showMaterialUpdate":true,"showSkybox":false,"showFlares":true,"showImageEffects":true,"showParticleSystems":true},"in2DMode":false,"pivot":{"x":11.549072265625,"y":-1.38427734375,"z":-15.955078125},"rotation":{"x":-0.008518017828464508,"y":-0.9845175743103027,"z":0.16788248717784882,"w":-0.049962546676397327},"size":7.120224952697754,"orthographic":true}