{"cameraMode":{"drawMode":0,"name":"Shaded","section":"Shading Mode"},"sceneLighting":false,"audioPlay":false,"sceneViewState":{"showFog":true,"showMaterialUpdate":true,"showSkybox":false,"showFlares":true,"showImageEffects":true,"showParticleSystems":true},"in2DMode":false,"pivot":{"x":-1.6368746757507325,"y":-0.37647247314453127,"z":1.638228416442871},"rotation":{"x":-0.21457843482494355,"y":-0.28742125630378725,"z":0.06623747199773789,"w":-0.9311099052429199},"size":11.722380638122559,"orthographic":false}