{"cameraMode":{"drawMode":0,"name":"Shaded","section":"Shading Mode"},"sceneLighting":true,"audioPlay":false,"sceneViewState":{"showFog":true,"showMaterialUpdate":true,"showSkybox":true,"showFlares":true,"showImageEffects":true,"showParticleSystems":true},"in2DMode":false,"pivot":{"x":-244.00177001953126,"y":92.5352554321289,"z":-125.40925598144531},"rotation":{"x":0.05064471811056137,"y":-0.8868318796157837,"z":0.10019057989120484,"w":0.44826146960258486},"size":373.8403015136719,"orthographic":false}