{"cameraMode":{"drawMode":0,"name":"Shaded","section":"Shading Mode"},"sceneLighting":false,"audioPlay":false,"sceneViewState":{"m_AlwaysRefresh":true,"showFog":true,"showSkybox":false,"showFlares":true,"showImageEffects":true,"showParticleSystems":true,"showVisualEffectGraphs":true,"m_FxEnabled":true},"in2DMode":false,"pivot":{"x":0.0027599334716796877,"y":0.3209657669067383,"z":0.000274658203125},"rotation":{"x":0.141269251704216,"y":-0.3836190104484558,"z":0.059508711099624637,"w":0.9106802344322205},"size":1.6628260612487794,"orthographic":false}